{
  "city": "Singapore",
  "model": "VanillaMF",
  "best_epoch": 19,
  "recall_at_20": 0.36778920083929106,
  "ndcg_at_20": 0.1850141001892207,
  "elapsed_sec": 7.180231332778931,
  "epochs": 80,
  "eval_freq": 5,
  "patience": 6,
  "batch_size": 128,
  "lr": 0.001,
  "weight_decay": 0.0001,
  "seed": 42
}