{
  "city": "Tokyo",
  "model": "VanillaMF",
  "best_epoch": 19,
  "recall_at_20": 0.07490879330862506,
  "ndcg_at_20": 0.04245895848733297,
  "elapsed_sec": 20.721263885498047,
  "epochs": 80,
  "eval_freq": 5,
  "patience": 6,
  "batch_size": 128,
  "lr": 0.001,
  "weight_decay": 0.0001,
  "seed": 42
}