{
  "city": "NYC",
  "model": "VanillaMF",
  "best_epoch": 74,
  "recall_at_20": 0.10915429754529779,
  "ndcg_at_20": 0.058204432144029976,
  "elapsed_sec": 31.958150386810303,
  "epochs": 360,
  "eval_freq": 5,
  "patience": 24,
  "batch_size": 256,
  "lr": 0.001,
  "weight_decay": 0.0001,
  "seed": 42
}